#
# TABLE STRUCTURE FOR: agency
#

DROP TABLE IF EXISTS `agency`;

CREATE TABLE `agency` (
  `name` varchar(255) COLLATE utf8_unicode_ci NOT NULL,
  `phone` varchar(255) COLLATE utf8_unicode_ci NOT NULL,
  `email` varchar(255) COLLATE utf8_unicode_ci DEFAULT NULL,
  `id` int(11) NOT NULL AUTO_INCREMENT,
  PRIMARY KEY (`id`)
) ENGINE=InnoDB AUTO_INCREMENT=101 DEFAULT CHARSET=utf8 COLLATE=utf8_unicode_ci;

INSERT INTO `agency` (`name`, `phone`, `email`, `id`) VALUES ('Molestias voluptatibus.', '582-214-5404', 'hgusikowski@example.com', 1);
INSERT INTO `agency` (`name`, `phone`, `email`, `id`) VALUES ('Deleniti impedit.', '1-161-025-3477x922', 'janet95@example.org', 2);
INSERT INTO `agency` (`name`, `phone`, `email`, `id`) VALUES ('Vitae maiores dolor.', '108.353.7124x3544', 'dave.torphy@example.net', 3);
INSERT INTO `agency` (`name`, `phone`, `email`, `id`) VALUES ('Suscipit quo aspernatur.', '1-343-819-0189x89374', 'laron75@example.net', 4);
INSERT INTO `agency` (`name`, `phone`, `email`, `id`) VALUES ('Et saepe.', '729-007-5012', 'ecollins@example.org', 5);
INSERT INTO `agency` (`name`, `phone`, `email`, `id`) VALUES ('Error dolore.', '517.363.4474x382', 'kelvin.quitzon@example.net', 6);
INSERT INTO `agency` (`name`, `phone`, `email`, `id`) VALUES ('In occaecati.', '299.804.6993', 'hschultz@example.com', 7);
INSERT INTO `agency` (`name`, `phone`, `email`, `id`) VALUES ('Sed iste dolorem.', '+67(6)3812293753', 'qsimonis@example.net', 8);
INSERT INTO `agency` (`name`, `phone`, `email`, `id`) VALUES ('Vitae sed consequuntur.', '(505)479-3563x1524', 'eva.hoeger@example.net', 9);
INSERT INTO `agency` (`name`, `phone`, `email`, `id`) VALUES ('Provident facere in.', '1-049-840-0951x7209', 'abbie.bauch@example.org', 10);
INSERT INTO `agency` (`name`, `phone`, `email`, `id`) VALUES ('Officiis hic.', '499-765-4515x3832', 'will30@example.com', 11);
INSERT INTO `agency` (`name`, `phone`, `email`, `id`) VALUES ('Aspernatur et.', '1-168-228-9642x2819', 'toy.geovanni@example.org', 12);
INSERT INTO `agency` (`name`, `phone`, `email`, `id`) VALUES ('Rerum iste.', '1-509-697-5837x7030', 'lzemlak@example.org', 13);
INSERT INTO `agency` (`name`, `phone`, `email`, `id`) VALUES ('Nostrum autem eligendi.', '555.593.5264x9974', 'nils.kemmer@example.org', 14);
INSERT INTO `agency` (`name`, `phone`, `email`, `id`) VALUES ('A perferendis.', '335-325-5893', 'dovie.ernser@example.net', 15);
INSERT INTO `agency` (`name`, `phone`, `email`, `id`) VALUES ('Eius voluptatem ullam.', '016-045-8694x9351', 'arturo46@example.net', 16);
INSERT INTO `agency` (`name`, `phone`, `email`, `id`) VALUES ('Eum et sed.', '1-611-598-9642', 'peyton04@example.org', 17);
INSERT INTO `agency` (`name`, `phone`, `email`, `id`) VALUES ('Eaque adipisci illo.', '932.913.5106x6531', 'moen.emery@example.net', 18);
INSERT INTO `agency` (`name`, `phone`, `email`, `id`) VALUES ('Et iusto harum.', '(143)298-1963x717', 'femard@example.net', 19);
INSERT INTO `agency` (`name`, `phone`, `email`, `id`) VALUES ('Tenetur provident.', '1-689-134-0730', 'johan59@example.com', 20);
INSERT INTO `agency` (`name`, `phone`, `email`, `id`) VALUES ('Voluptas quia.', '1-292-861-5780', 'barrows.bettie@example.org', 21);
INSERT INTO `agency` (`name`, `phone`, `email`, `id`) VALUES ('Consectetur est architecto.', '(343)878-4702', 'glenda60@example.net', 22);
INSERT INTO `agency` (`name`, `phone`, `email`, `id`) VALUES ('Natus cum asperiores.', '(617)550-7774x26616', 'emelia.will@example.org', 23);
INSERT INTO `agency` (`name`, `phone`, `email`, `id`) VALUES ('Corrupti sit sit.', '(699)122-2231', 'leannon.reynold@example.net', 24);
INSERT INTO `agency` (`name`, `phone`, `email`, `id`) VALUES ('Architecto facilis.', '1-922-106-5367', 'foster.hintz@example.net', 25);
INSERT INTO `agency` (`name`, `phone`, `email`, `id`) VALUES ('Suscipit quia.', '+17(4)3168621967', 'flavie50@example.com', 26);
INSERT INTO `agency` (`name`, `phone`, `email`, `id`) VALUES ('Dolor occaecati soluta.', '(948)013-2193', 'maryse.morissette@example.net', 27);
INSERT INTO `agency` (`name`, `phone`, `email`, `id`) VALUES ('Error a.', '1-623-079-6708', 'pweissnat@example.org', 28);
INSERT INTO `agency` (`name`, `phone`, `email`, `id`) VALUES ('Inventore consequatur.', '1-102-288-3399x95975', 'alana.grant@example.com', 29);
INSERT INTO `agency` (`name`, `phone`, `email`, `id`) VALUES ('Autem nemo.', '+57(2)7522633308', 'nora.bernier@example.com', 30);
INSERT INTO `agency` (`name`, `phone`, `email`, `id`) VALUES ('Molestiae dolor.', '660-815-0078', 'audra.cormier@example.net', 31);
INSERT INTO `agency` (`name`, `phone`, `email`, `id`) VALUES ('Odio culpa nulla.', '(881)338-1334x712', 'hilpert.yasmine@example.org', 32);
INSERT INTO `agency` (`name`, `phone`, `email`, `id`) VALUES ('Aut tempore quasi.', '+84(3)6956151653', 'issac77@example.com', 33);
INSERT INTO `agency` (`name`, `phone`, `email`, `id`) VALUES ('Porro eum dignissimos.', '04311385067', 'garrick.leannon@example.net', 34);
INSERT INTO `agency` (`name`, `phone`, `email`, `id`) VALUES ('Doloremque iste quia.', '(119)348-3180', 'nmacejkovic@example.com', 35);
INSERT INTO `agency` (`name`, `phone`, `email`, `id`) VALUES ('Ut dolores.', '(920)589-7783x9327', 'wmoen@example.org', 36);
INSERT INTO `agency` (`name`, `phone`, `email`, `id`) VALUES ('Recusandae aspernatur.', '512-480-8096x776', 'wanda.kemmer@example.org', 37);
INSERT INTO `agency` (`name`, `phone`, `email`, `id`) VALUES ('Aut quisquam aliquam.', '1-531-484-3231', 'elmer.smitham@example.net', 38);
INSERT INTO `agency` (`name`, `phone`, `email`, `id`) VALUES ('Omnis qui occaecati.', '(148)382-5153x21525', 'izaiah.klocko@example.org', 39);
INSERT INTO `agency` (`name`, `phone`, `email`, `id`) VALUES ('Amet nemo voluptatem.', '(351)601-1430', 'jamey.emmerich@example.com', 40);
INSERT INTO `agency` (`name`, `phone`, `email`, `id`) VALUES ('Aut praesentium.', '309.726.6147x246', 'qcorkery@example.com', 41);
INSERT INTO `agency` (`name`, `phone`, `email`, `id`) VALUES ('Architecto ad.', '(225)832-1430', 'uriah46@example.net', 42);
INSERT INTO `agency` (`name`, `phone`, `email`, `id`) VALUES ('Reiciendis unde quibusdam.', '1-050-942-3457', 'whitney81@example.net', 43);
INSERT INTO `agency` (`name`, `phone`, `email`, `id`) VALUES ('Numquam itaque sint.', '870.403.4895', 'ned28@example.net', 44);
INSERT INTO `agency` (`name`, `phone`, `email`, `id`) VALUES ('Sequi dolor et.', '213.806.7172', 'rjacobs@example.com', 45);
INSERT INTO `agency` (`name`, `phone`, `email`, `id`) VALUES ('Voluptatibus explicabo.', '07973104654', 'borer.jamaal@example.com', 46);
INSERT INTO `agency` (`name`, `phone`, `email`, `id`) VALUES ('Voluptatibus natus.', '(256)171-9556', 'emanuel.gusikowski@example.net', 47);
INSERT INTO `agency` (`name`, `phone`, `email`, `id`) VALUES ('Voluptatum non.', '04166502476', 'rturner@example.com', 48);
INSERT INTO `agency` (`name`, `phone`, `email`, `id`) VALUES ('Architecto qui.', '652-633-1032', 'reichert.alexandra@example.org', 49);
INSERT INTO `agency` (`name`, `phone`, `email`, `id`) VALUES ('Sed minima possimus.', '1-228-944-4162x7826', 'xwelch@example.com', 50);
INSERT INTO `agency` (`name`, `phone`, `email`, `id`) VALUES ('A error.', '702.046.3020x189', 'mason50@example.org', 51);
INSERT INTO `agency` (`name`, `phone`, `email`, `id`) VALUES ('Ut aut.', '(678)892-5775x697', 'mia.tremblay@example.net', 52);
INSERT INTO `agency` (`name`, `phone`, `email`, `id`) VALUES ('Rerum est cumque.', '(814)102-7001x7235', 'mclaughlin.reanna@example.com', 53);
INSERT INTO `agency` (`name`, `phone`, `email`, `id`) VALUES ('Commodi dolore recusandae.', '645-441-3153', 'jeffery70@example.org', 54);
INSERT INTO `agency` (`name`, `phone`, `email`, `id`) VALUES ('Tempora quia.', '1-391-113-0639x63672', 'adan44@example.com', 55);
INSERT INTO `agency` (`name`, `phone`, `email`, `id`) VALUES ('Accusamus nihil.', '896-074-2132', 'otilia60@example.org', 56);
INSERT INTO `agency` (`name`, `phone`, `email`, `id`) VALUES ('Quam sit.', '1-549-302-9249x232', 'boyd70@example.com', 57);
INSERT INTO `agency` (`name`, `phone`, `email`, `id`) VALUES ('Deleniti molestiae quos.', '(619)173-9047x820', 'jerad.prosacco@example.org', 58);
INSERT INTO `agency` (`name`, `phone`, `email`, `id`) VALUES ('A ipsa.', '+70(7)8722545870', 'stroman.wilhelm@example.net', 59);
INSERT INTO `agency` (`name`, `phone`, `email`, `id`) VALUES ('Quo dolorem.', '1-645-903-6334x668', 'norma81@example.org', 60);
INSERT INTO `agency` (`name`, `phone`, `email`, `id`) VALUES ('Eos in.', '740-713-1364x8189', 'reynolds.rachael@example.org', 61);
INSERT INTO `agency` (`name`, `phone`, `email`, `id`) VALUES ('Asperiores sunt.', '09164660748', 'esperanza22@example.net', 62);
INSERT INTO `agency` (`name`, `phone`, `email`, `id`) VALUES ('Praesentium inventore occaecati.', '09793626344', 'considine.amaya@example.net', 63);
INSERT INTO `agency` (`name`, `phone`, `email`, `id`) VALUES ('Molestiae est.', '1-964-903-3025x191', 'alabadie@example.com', 64);
INSERT INTO `agency` (`name`, `phone`, `email`, `id`) VALUES ('Aut aliquam.', '540-014-9423x1399', 'rwisozk@example.net', 65);
INSERT INTO `agency` (`name`, `phone`, `email`, `id`) VALUES ('Ut ex reiciendis.', '882.914.4770', 'gordon.rutherford@example.com', 66);
INSERT INTO `agency` (`name`, `phone`, `email`, `id`) VALUES ('Possimus explicabo.', '991-223-5900x3717', 'dameon67@example.com', 67);
INSERT INTO `agency` (`name`, `phone`, `email`, `id`) VALUES ('Ipsum dolore.', '(208)617-0727x768', 'aniya88@example.org', 68);
INSERT INTO `agency` (`name`, `phone`, `email`, `id`) VALUES ('Autem voluptas.', '1-416-472-0886x65888', 'jamal.beahan@example.net', 69);
INSERT INTO `agency` (`name`, `phone`, `email`, `id`) VALUES ('Est nulla eos.', '(411)325-0128x87882', 'rusty20@example.net', 70);
INSERT INTO `agency` (`name`, `phone`, `email`, `id`) VALUES ('Vero maxime culpa.', '403-040-3346x192', 'jaqueline55@example.net', 71);
INSERT INTO `agency` (`name`, `phone`, `email`, `id`) VALUES ('Aliquam officiis.', '00188157655', 'estracke@example.net', 72);
INSERT INTO `agency` (`name`, `phone`, `email`, `id`) VALUES ('Ut dolorum doloremque.', '862.909.2232x02360', 'stewart.schumm@example.com', 73);
INSERT INTO `agency` (`name`, `phone`, `email`, `id`) VALUES ('Iusto voluptatem quos.', '418.486.0704x8489', 'twalsh@example.com', 74);
INSERT INTO `agency` (`name`, `phone`, `email`, `id`) VALUES ('Neque inventore voluptas.', '725-865-4956', 'skye60@example.com', 75);
INSERT INTO `agency` (`name`, `phone`, `email`, `id`) VALUES ('Voluptatibus reiciendis.', '159.205.0985x141', 'assunta33@example.com', 76);
INSERT INTO `agency` (`name`, `phone`, `email`, `id`) VALUES ('Distinctio fugit aut.', '+78(1)5807433431', 'willow.feeney@example.com', 77);
INSERT INTO `agency` (`name`, `phone`, `email`, `id`) VALUES ('Placeat blanditiis.', '887.569.2350', 'jhand@example.org', 78);
INSERT INTO `agency` (`name`, `phone`, `email`, `id`) VALUES ('Suscipit nostrum.', '(774)806-7884x535', 'ondricka.rhea@example.net', 79);
INSERT INTO `agency` (`name`, `phone`, `email`, `id`) VALUES ('Quo recusandae ducimus.', '(737)376-1636x4847', 'vfisher@example.org', 80);
INSERT INTO `agency` (`name`, `phone`, `email`, `id`) VALUES ('Non quasi rerum.', '08008267499', 'viola.hahn@example.org', 81);
INSERT INTO `agency` (`name`, `phone`, `email`, `id`) VALUES ('Rerum est aut.', '519-298-5181x704', 'schaefer.ludie@example.org', 82);
INSERT INTO `agency` (`name`, `phone`, `email`, `id`) VALUES ('Non ipsa consequuntur.', '+86(0)0132346650', 'sarina60@example.net', 83);
INSERT INTO `agency` (`name`, `phone`, `email`, `id`) VALUES ('Error aliquid.', '323-679-1390', 'iturner@example.org', 84);
INSERT INTO `agency` (`name`, `phone`, `email`, `id`) VALUES ('Voluptates voluptatem ab.', '+87(9)7735835169', 'halvorson.tyrique@example.net', 85);
INSERT INTO `agency` (`name`, `phone`, `email`, `id`) VALUES ('Sunt dignissimos vel.', '379.996.3658', 'britney.runolfsdottir@example.net', 86);
INSERT INTO `agency` (`name`, `phone`, `email`, `id`) VALUES ('Saepe magni.', '1-076-383-5742', 'pollich.ebony@example.org', 87);
INSERT INTO `agency` (`name`, `phone`, `email`, `id`) VALUES ('Vel iure pariatur.', '05423738397', 'shanahan.lisa@example.net', 88);
INSERT INTO `agency` (`name`, `phone`, `email`, `id`) VALUES ('Modi doloremque enim.', '(059)398-8992x9196', 'sallie46@example.net', 89);
INSERT INTO `agency` (`name`, `phone`, `email`, `id`) VALUES ('Autem illo.', '1-237-005-0621x9497', 'velda27@example.com', 90);
INSERT INTO `agency` (`name`, `phone`, `email`, `id`) VALUES ('Possimus minus.', '624-785-6969', 'lgoodwin@example.com', 91);
INSERT INTO `agency` (`name`, `phone`, `email`, `id`) VALUES ('Quaerat eos.', '1-226-164-2387x646', 'mozell.gerhold@example.com', 92);
INSERT INTO `agency` (`name`, `phone`, `email`, `id`) VALUES ('Et debitis a.', '942.302.3471x15612', 'dgulgowski@example.org', 93);
INSERT INTO `agency` (`name`, `phone`, `email`, `id`) VALUES ('Quia ducimus.', '+17(6)2374905093', 'utowne@example.org', 94);
INSERT INTO `agency` (`name`, `phone`, `email`, `id`) VALUES ('Repellendus quibusdam nihil.', '478.273.0100', 'mbreitenberg@example.com', 95);
INSERT INTO `agency` (`name`, `phone`, `email`, `id`) VALUES ('Laboriosam dolor.', '928-105-3738x7856', 'vince76@example.net', 96);
INSERT INTO `agency` (`name`, `phone`, `email`, `id`) VALUES ('Vitae rem adipisci.', '1-582-203-3290x87859', 'caleb16@example.net', 97);
INSERT INTO `agency` (`name`, `phone`, `email`, `id`) VALUES ('Est perspiciatis.', '651-723-6105', 'kautzer.libbie@example.net', 98);
INSERT INTO `agency` (`name`, `phone`, `email`, `id`) VALUES ('Ratione sed.', '1-639-019-7638x318', 'paige.greenholt@example.com', 99);
INSERT INTO `agency` (`name`, `phone`, `email`, `id`) VALUES ('Accusamus omnis.', '(395)567-9346x44955', 'maverick81@example.org', 100);


#
# TABLE STRUCTURE FOR: person
#

DROP TABLE IF EXISTS `person`;

CREATE TABLE `person` (
  `id` varchar(255) COLLATE utf8_unicode_ci NOT NULL,
  `tripId` varchar(255) COLLATE utf8_unicode_ci DEFAULT NULL,
  `firstname` varchar(255) COLLATE utf8_unicode_ci NOT NULL,
  `lastname` varchar(255) COLLATE utf8_unicode_ci NOT NULL,
  `phone` varchar(255) COLLATE utf8_unicode_ci NOT NULL,
  `IDNumber` int(11) NOT NULL,
  `email` varchar(255) COLLATE utf8_unicode_ci DEFAULT NULL,
  `willTravel` tinyint(4) NOT NULL DEFAULT 0,
  PRIMARY KEY (`id`),
  KEY `FK_9b53a69c297420a377dae12e437` (`tripId`),
  CONSTRAINT `FK_9b53a69c297420a377dae12e437` FOREIGN KEY (`tripId`) REFERENCES `trip` (`id`)
) ENGINE=InnoDB DEFAULT CHARSET=utf8 COLLATE=utf8_unicode_ci;

INSERT INTO `person` (`id`, `tripId`, `firstname`, `lastname`, `phone`, `IDNumber`, `email`, `willTravel`) VALUES ('015c5549-3bbb-31ef-b2d5-402c6a9f746e', '30057c8c-7772-3ae0-b423-661e7b10d26b', 'Buggy', 'Maker', '+27(7)4217166816', 764280, 'gibson.rodrigo@example.org', 1);
INSERT INTO `person` (`id`, `tripId`, `firstname`, `lastname`, `phone`, `IDNumber`, `email`, `willTravel`) VALUES ('04f6f603-4eac-395c-a310-98b7cf7c19ce', 'fab2bdb7-de25-3ef2-9711-6c995ba230e8', 'Nick', 'Hudson', '480-472-8973x736', 537845, 'carolanne.rowe@example.net', 1);
INSERT INTO `person` (`id`, `tripId`, `firstname`, `lastname`, `phone`, `IDNumber`, `email`, `willTravel`) VALUES ('0ac3fd9c-7f37-320c-9c91-d69829b3f2cd', 'd2d016c1-7fc9-3120-aeb0-82c6d96b9917', 'Randall', 'Rau', '005.772.5432x606', 614833, 'hagenes.jakayla@example.net', 1);
INSERT INTO `person` (`id`, `tripId`, `firstname`, `lastname`, `phone`, `IDNumber`, `email`, `willTravel`) VALUES ('0e4cebc8-77c1-3ca2-8b95-ef4d08f4cc33', 'e8b923c3-6eef-3fbb-a8cf-80043752a7a0', 'Mike', 'Kuhic', '07765475288', 966601, 'batz.opal@example.org', 0);
INSERT INTO `person` (`id`, `tripId`, `firstname`, `lastname`, `phone`, `IDNumber`, `email`, `willTravel`) VALUES ('0e537561-68bc-3d00-acbe-354a9904a955', 'c8b88eee-e33d-3501-9aa9-6f2460e386fa', 'Sterling', 'Blick', '259.402.0592', 723224, 'brandyn.sawayn@example.com', 0);
INSERT INTO `person` (`id`, `tripId`, `firstname`, `lastname`, `phone`, `IDNumber`, `email`, `willTravel`) VALUES ('0e625e74-165a-38fb-bb32-2ed8bbb66727', '34c1b5ef-ff97-3242-b341-59696c38e15b', 'Elfrieda', 'Klein', '(012)385-8227', 662410, 'klocko.alfreda@example.org', 0);
INSERT INTO `person` (`id`, `tripId`, `firstname`, `lastname`, `phone`, `IDNumber`, `email`, `willTravel`) VALUES ('1d8deef8-ac88-3030-8b70-280d8a808767', 'c0b5674e-14eb-35b0-8e35-d9a60eeef140', 'Helen', 'Kessler', '(902)265-8680x9352', 971370, 'witting.erica@example.net', 1);
INSERT INTO `person` (`id`, `tripId`, `firstname`, `lastname`, `phone`, `IDNumber`, `email`, `willTravel`) VALUES ('258f4d19-fc23-3f1b-8fdd-4ee784173230', '4f8062b2-9dfb-300b-9a2e-18c645ceb33d', 'Juwan', 'Bartell', '048.241.9871', 671986, 'friedrich.runolfsson@example.com', 1);
INSERT INTO `person` (`id`, `tripId`, `firstname`, `lastname`, `phone`, `IDNumber`, `email`, `willTravel`) VALUES ('2a32b07f-774e-3e41-818a-b6318de1b2e8', '2e396218-ffc3-36c7-989a-602ba0699f4b', 'Leanne', 'Wolf', '748-427-1318', 837434, 'kub.jared@example.com', 0);
INSERT INTO `person` (`id`, `tripId`, `firstname`, `lastname`, `phone`, `IDNumber`, `email`, `willTravel`) VALUES ('2e101a23-4c68-3d03-a0a4-714733d102e6', 'f587d552-e609-3911-ab65-1a83afb9bed4', 'Dee', 'Yundt', '1-143-021-2425x5545', 722319, 'brooks.emard@example.com', 1);
INSERT INTO `person` (`id`, `tripId`, `firstname`, `lastname`, `phone`, `IDNumber`, `email`, `willTravel`) VALUES ('30fa24a8-e480-3fe6-a3ef-4fc89333b271', '8eca0c51-75f0-3c66-9ce3-ce42612ed2de', 'Jerod', 'Murazik', '08210439983', 268915, 'lgreen@example.net', 1);
INSERT INTO `person` (`id`, `tripId`, `firstname`, `lastname`, `phone`, `IDNumber`, `email`, `willTravel`) VALUES ('31b03ee2-6277-3c84-b232-2090d0ee7c7b', '668da9cd-3340-34a2-b84b-f437e91c1161', 'Dejah', 'Ratke', '844-806-3142', 409068, 'caden86@example.org', 0);
INSERT INTO `person` (`id`, `tripId`, `firstname`, `lastname`, `phone`, `IDNumber`, `email`, `willTravel`) VALUES ('32c84c9f-a7d5-321c-b18d-30d88d8c037d', '39f473a2-6476-367b-a7fc-b071abf28725', 'Leonor', 'Kohler', '696.483.9829', 508477, 'daryl.bartell@example.net', 1);
INSERT INTO `person` (`id`, `tripId`, `firstname`, `lastname`, `phone`, `IDNumber`, `email`, `willTravel`) VALUES ('33adedb1-2d65-3f61-9cec-de25c7f438f2', 'e67f30bf-ef94-31f3-9a38-df8a94b08165', 'Lynn', 'Bogisich', '(774)099-7892', 609107, 'giovanny42@example.com', 0);
INSERT INTO `person` (`id`, `tripId`, `firstname`, `lastname`, `phone`, `IDNumber`, `email`, `willTravel`) VALUES ('33cb173b-451c-39cd-b2d8-bd6c6d8b01e2', '505b1df5-5599-3493-9be4-084aea063128', 'Ben', 'Kessler', '747.913.3062', 856415, 'maggio.edythe@example.com', 0);
INSERT INTO `person` (`id`, `tripId`, `firstname`, `lastname`, `phone`, `IDNumber`, `email`, `willTravel`) VALUES ('38db0412-85e0-3bef-9084-74bde3aef4db', '2220bb77-5a3c-3742-a1b9-35cdaeb60c6f', 'Jason', 'Berge', '(796)602-1018', 234972, 'hodkiewicz.sharon@example.org', 0);
INSERT INTO `person` (`id`, `tripId`, `firstname`, `lastname`, `phone`, `IDNumber`, `email`, `willTravel`) VALUES ('3e5bc80c-dab8-3d43-a69f-bf0f874e0203', 'd3153931-5be2-3454-bc24-69fb7ead0c67', 'Hermina', 'Ziemann', '1-760-381-7576x908', 884848, 'tyree87@example.com', 0);
INSERT INTO `person` (`id`, `tripId`, `firstname`, `lastname`, `phone`, `IDNumber`, `email`, `willTravel`) VALUES ('3eb27377-0545-3319-b64d-d761178ec6fe', 'c7874b73-c506-3405-8b8b-32da6ce19340', 'Verna', 'Kautzer', '02151755487', 940013, 'johann17@example.net', 1);
INSERT INTO `person` (`id`, `tripId`, `firstname`, `lastname`, `phone`, `IDNumber`, `email`, `willTravel`) VALUES ('40ca65b3-c6b6-38ec-aaa7-571d8e59e508', 'cb99f406-2fa0-3496-8f52-bf93f53754c3', 'Silas', 'Corwin', '843.846.9827x7893', 297970, 'everardo19@example.org', 0);
INSERT INTO `person` (`id`, `tripId`, `firstname`, `lastname`, `phone`, `IDNumber`, `email`, `willTravel`) VALUES ('42a0cc25-16ea-359c-a46f-399f443a4b10', '2528a3fd-f504-3170-b0f3-cadc989e42c4', 'Viviane', 'Conroy', '655-367-7928', 599168, 'macie.bogan@example.org', 1);
INSERT INTO `person` (`id`, `tripId`, `firstname`, `lastname`, `phone`, `IDNumber`, `email`, `willTravel`) VALUES ('42d7ca55-4bf3-33cc-98bc-9d704c1d2a99', '4abc6694-a037-3506-8e30-356b32110d07', 'Dallas', 'Smitham', '191-512-0407x012', 189457, 'o\'conner.candida@example.net', 0);
INSERT INTO `person` (`id`, `tripId`, `firstname`, `lastname`, `phone`, `IDNumber`, `email`, `willTravel`) VALUES ('433747c0-e6fc-3ef7-a787-2aab5ee31366', '567f8560-3f44-3f8d-8d52-d9c6ffd5d2ac', 'Ernestine', 'Sanford', '997-611-6934x45603', 255154, 'qpredovic@example.net', 1);
INSERT INTO `person` (`id`, `tripId`, `firstname`, `lastname`, `phone`, `IDNumber`, `email`, `willTravel`) VALUES ('435fb097-b0d6-3138-a346-dd935d176409', 'cde4f888-c94c-370d-8017-abbf1130db1b', 'Ceasar', 'Hartmann', '(727)023-3369', 763191, 'gdaugherty@example.org', 0);
INSERT INTO `person` (`id`, `tripId`, `firstname`, `lastname`, `phone`, `IDNumber`, `email`, `willTravel`) VALUES ('47e1631a-daa4-3678-9637-f842a2aa0a0f', 'fdb06532-0d03-31ce-9fb5-84675715f204', 'Lavina', 'Johns', '+65(9)7677954239', 598760, 'jeromy31@example.org', 1);
INSERT INTO `person` (`id`, `tripId`, `firstname`, `lastname`, `phone`, `IDNumber`, `email`, `willTravel`) VALUES ('54e2a73d-c654-32b2-89a1-fa2e2749384c', 'da433e81-7718-39d5-a69f-7da0ebe11360', 'Curtis', 'Stark', '975.123.8131x659', 570901, 'piper60@example.net', 1);
INSERT INTO `person` (`id`, `tripId`, `firstname`, `lastname`, `phone`, `IDNumber`, `email`, `willTravel`) VALUES ('562564d8-e6b5-3305-a701-372c87d8603c', '3be9a1dd-21a0-36f0-844b-ef331fd4fbfa', 'Paolo', 'Breitenberg', '(504)038-1574x2830', 495831, 'cconnelly@example.com', 0);
INSERT INTO `person` (`id`, `tripId`, `firstname`, `lastname`, `phone`, `IDNumber`, `email`, `willTravel`) VALUES ('581cbc32-a87e-3751-809b-ec3ad2549195', '35370776-6438-3770-9804-efaa0e01d6a2', 'Abbey', 'Abshire', '1-057-520-1834x442', 697097, 'kristopher.maggio@example.net', 1);
INSERT INTO `person` (`id`, `tripId`, `firstname`, `lastname`, `phone`, `IDNumber`, `email`, `willTravel`) VALUES ('5984d16b-049c-38df-a1f8-de29d0457fff', '18a04c4a-b3ab-3ae8-bfb2-1126d0d17d04', 'Della', 'Erdman', '08323032246', 907930, 'mgorczany@example.com', 0);
INSERT INTO `person` (`id`, `tripId`, `firstname`, `lastname`, `phone`, `IDNumber`, `email`, `willTravel`) VALUES ('5e273f4a-d578-361a-9759-6632ba7c6ca3', '4ba36302-da43-3d9d-857f-5e6ab074396b', 'Ova', 'Padberg', '777.704.9290', 189023, 'caden39@example.com', 0);
INSERT INTO `person` (`id`, `tripId`, `firstname`, `lastname`, `phone`, `IDNumber`, `email`, `willTravel`) VALUES ('619f4739-359c-3c9f-b7da-a95b9ed7d118', '8389ac6b-172e-3121-b059-383cb02b1306', 'Zoey', 'Gerhold', '686.049.7225', 347358, 'ottis80@example.org', 1);
INSERT INTO `person` (`id`, `tripId`, `firstname`, `lastname`, `phone`, `IDNumber`, `email`, `willTravel`) VALUES ('62aad3c7-1c13-3a9f-a8f0-e33ca32abb4f', '71bbf8a0-7a66-30f4-b9b5-15da9c7ffa63', 'Berneice', 'Quitzon', '771.465.9264x2269', 889268, 'boehm.abagail@example.org', 0);
INSERT INTO `person` (`id`, `tripId`, `firstname`, `lastname`, `phone`, `IDNumber`, `email`, `willTravel`) VALUES ('62d26e0d-1805-36e2-bfea-ba927d1b2476', '35d4aa95-3153-3d1b-b144-0f7b2eda0192', 'Antonia', 'Gibson', '495.209.2779', 553891, 'harmony04@example.com', 0);
INSERT INTO `person` (`id`, `tripId`, `firstname`, `lastname`, `phone`, `IDNumber`, `email`, `willTravel`) VALUES ('67212653-8f59-3d14-a5bd-343346c4100c', 'cd2b73e3-2bd7-330d-a925-f5bfaf3d3335', 'Bennett', 'Shanahan', '(399)331-9726x0233', 578726, 'hschulist@example.org', 1);
INSERT INTO `person` (`id`, `tripId`, `firstname`, `lastname`, `phone`, `IDNumber`, `email`, `willTravel`) VALUES ('67d2d442-05d1-388b-a5a0-acad63f81e19', '8d3482dd-73ad-3135-9ebc-3195960bc722', 'Cedrick', 'Zieme', '1-860-023-5963x11024', 552346, 'o\'keefe.nina@example.com', 1);
INSERT INTO `person` (`id`, `tripId`, `firstname`, `lastname`, `phone`, `IDNumber`, `email`, `willTravel`) VALUES ('6e17f3fd-e1fe-3633-862e-128f3711f9be', 'fb2042b3-39b5-39b2-9a80-20c957ee9d82', 'Rosina', 'Hamill', '1-657-157-2242x3105', 743978, 'antoinette.senger@example.com', 0);
INSERT INTO `person` (`id`, `tripId`, `firstname`, `lastname`, `phone`, `IDNumber`, `email`, `willTravel`) VALUES ('6e9bcd19-0830-3f15-8353-540e4b30bc00', '6f186e6e-44a9-3a11-93df-67e0758bdb31', 'Willis', 'Mayer', '472-726-5512', 232577, 'kali03@example.com', 0);
INSERT INTO `person` (`id`, `tripId`, `firstname`, `lastname`, `phone`, `IDNumber`, `email`, `willTravel`) VALUES ('7c41de36-5776-34c0-82d9-08d58fa6182e', 'fd7d6b83-985b-3e9f-91d3-01293ee09291', 'Adalberto', 'Hahn', '458-757-2552', 755040, 'leopoldo.blick@example.com', 0);
INSERT INTO `person` (`id`, `tripId`, `firstname`, `lastname`, `phone`, `IDNumber`, `email`, `willTravel`) VALUES ('7e428895-4f5f-3937-aa17-5cb230c780e6', '60d0aeab-149c-397f-a0af-dea959f90c29', 'Carlotta', 'Lowe', '09660278574', 397734, 'angelita61@example.com', 1);
INSERT INTO `person` (`id`, `tripId`, `firstname`, `lastname`, `phone`, `IDNumber`, `email`, `willTravel`) VALUES ('830fdf92-5544-3d8c-a21d-6d25bc98e9a8', 'b7eb0da2-a44c-3570-b16f-282280f16105', 'Lyla', 'Paucek', '(047)672-8080', 742411, 'price68@example.org', 1);
INSERT INTO `person` (`id`, `tripId`, `firstname`, `lastname`, `phone`, `IDNumber`, `email`, `willTravel`) VALUES ('85271769-6ed5-337b-9c01-c5e916fd1f52', 'a5c431bd-6976-3676-b191-0f624d85d0ad', 'Caleb', 'Carter', '946.986.9035x450', 456805, 'corkery.bethel@example.com', 0);
INSERT INTO `person` (`id`, `tripId`, `firstname`, `lastname`, `phone`, `IDNumber`, `email`, `willTravel`) VALUES ('866506ac-1fba-39b3-a2d4-b9d92230a406', '1a4356ed-dcda-3e24-94a7-5193491a4003', 'Lina', 'Ziemann', '1-822-752-4276', 449829, 'dovie.barrows@example.com', 1);
INSERT INTO `person` (`id`, `tripId`, `firstname`, `lastname`, `phone`, `IDNumber`, `email`, `willTravel`) VALUES ('8728b36e-80a6-3238-8997-acf11363112a', 'bc034317-3a4e-3640-afef-4780a32f4d80', 'Niko', 'Terry', '03590489742', 850451, 'lucius.bosco@example.org', 0);
INSERT INTO `person` (`id`, `tripId`, `firstname`, `lastname`, `phone`, `IDNumber`, `email`, `willTravel`) VALUES ('8ab20161-9795-3a37-9ba5-26551e676fa8', '4e497b94-6d61-34e8-8329-65d577fb2da2', 'Tyrique', 'Stiedemann', '(737)743-7960', 168213, 'aleen51@example.com', 1);
INSERT INTO `person` (`id`, `tripId`, `firstname`, `lastname`, `phone`, `IDNumber`, `email`, `willTravel`) VALUES ('8bb2c5fd-4ab7-345d-80f6-baac583d5223', 'de2fea93-2200-3a40-9591-30637df46cdc', 'Destany', 'Durgan', '847-385-2520x982', 871074, 'zena35@example.org', 1);
INSERT INTO `person` (`id`, `tripId`, `firstname`, `lastname`, `phone`, `IDNumber`, `email`, `willTravel`) VALUES ('8be0a065-32a1-341a-a4ff-b436818f0bd3', '19538eec-9ec3-355b-9823-91be968868d4', 'Kathryn', 'Nicolas', '1-629-323-8778x1421', 512939, 'padberg.myrna@example.net', 1);
INSERT INTO `person` (`id`, `tripId`, `firstname`, `lastname`, `phone`, `IDNumber`, `email`, `willTravel`) VALUES ('8c6ae4c5-6cbd-3fc1-b869-5f81f43ab10d', '56315c81-6b74-3d42-9aa1-d2eb66cd853f', 'Susan', 'Cummings', '05394216554', 515100, 'zlockman@example.com', 0);
INSERT INTO `person` (`id`, `tripId`, `firstname`, `lastname`, `phone`, `IDNumber`, `email`, `willTravel`) VALUES ('9098c312-8891-37d3-a33e-f2b76ca244e9', 'fce5b260-7d0a-3de4-97a1-ba456578377c', 'Lorenza', 'Connelly', '+20(6)5189639911', 698821, 'maia43@example.net', 0);
INSERT INTO `person` (`id`, `tripId`, `firstname`, `lastname`, `phone`, `IDNumber`, `email`, `willTravel`) VALUES ('92e70490-82a2-37d7-a253-de31bdcd9614', 'c3628917-6623-30ee-95f4-c4d92ad599fe', 'Cornelius', 'Upton', '616.722.0177', 204124, 'ebony.buckridge@example.org', 1);
INSERT INTO `person` (`id`, `tripId`, `firstname`, `lastname`, `phone`, `IDNumber`, `email`, `willTravel`) VALUES ('9a8b9b46-72ac-3f71-8368-ad88e853ac35', 'd8a08d31-55af-305b-8df0-51eb19636fe1', 'Michaela', 'Yundt', '+91(2)8973826965', 840617, 'schumm.genoveva@example.org', 1);
INSERT INTO `person` (`id`, `tripId`, `firstname`, `lastname`, `phone`, `IDNumber`, `email`, `willTravel`) VALUES ('9ad83778-778b-377c-ba54-9a3297826ca4', '21e1b956-b852-366b-8a7c-ffb60ce9fa7c', 'Thora', 'Homenick', '(734)379-8148x24059', 791409, 'jamir83@example.com', 0);
INSERT INTO `person` (`id`, `tripId`, `firstname`, `lastname`, `phone`, `IDNumber`, `email`, `willTravel`) VALUES ('9b34ed22-f817-3f38-8057-4b17e6bcfc37', '14151e0d-a025-383f-81bd-b01ce8dd50ab', 'Eldred', 'Hartmann', '1-396-481-3563', 829078, 'hhyatt@example.org', 1);
INSERT INTO `person` (`id`, `tripId`, `firstname`, `lastname`, `phone`, `IDNumber`, `email`, `willTravel`) VALUES ('9d35353e-938e-3a26-b7a5-3db132885494', '24364b77-9204-3966-831e-b8a21e5d6fb6', 'Sigurd', 'Morissette', '+65(7)9028532776', 971819, 'kasandra.kreiger@example.org', 0);
INSERT INTO `person` (`id`, `tripId`, `firstname`, `lastname`, `phone`, `IDNumber`, `email`, `willTravel`) VALUES ('9e6e742b-99b5-3b8e-b024-eab4f5a87ceb', '55bbfa4c-9a3f-3cc6-9173-5489f90fcc5a', 'Ryan', 'Armstrong', '+74(0)3295527261', 974603, 'kuvalis.darrick@example.org', 0);
INSERT INTO `person` (`id`, `tripId`, `firstname`, `lastname`, `phone`, `IDNumber`, `email`, `willTravel`) VALUES ('a1137642-b9b5-3d34-8c64-f8d4ed7aab04', 'a47b2557-21cc-344d-9582-2b7caa1451c3', 'Destiny', 'Veum', '(164)454-8342x34231', 427894, 'cristian.dooley@example.org', 1);
INSERT INTO `person` (`id`, `tripId`, `firstname`, `lastname`, `phone`, `IDNumber`, `email`, `willTravel`) VALUES ('a3472c95-a088-3ad9-9599-376608f12603', '189433cb-f489-309d-a065-8c7e83d990b5', 'Andrew', 'Mohr', '1-131-178-4201', 950908, 'narmstrong@example.net', 0);
INSERT INTO `person` (`id`, `tripId`, `firstname`, `lastname`, `phone`, `IDNumber`, `email`, `willTravel`) VALUES ('a55f06c6-ba8b-3b89-adec-299bf2f663e9', '77e0518f-d95b-37f0-95dd-5e2bbbc5cde2', 'Kamryn', 'Hauck', '+38(6)9916857214', 351773, 'alycia89@example.net', 0);
INSERT INTO `person` (`id`, `tripId`, `firstname`, `lastname`, `phone`, `IDNumber`, `email`, `willTravel`) VALUES ('a80d098d-4637-33b6-b323-be2125edcf83', '46933c4c-1a24-39a0-a5a1-28f279b9b60d', 'Kelsie', 'Hayes', '1-752-038-9849x6987', 909740, 'schmitt.darien@example.com', 0);
INSERT INTO `person` (`id`, `tripId`, `firstname`, `lastname`, `phone`, `IDNumber`, `email`, `willTravel`) VALUES ('aa6d838b-89ab-39d1-9b9e-aed1aceda3a9', '67c5072d-e7cf-3b6f-81ba-f79c018b7b6c', 'Doyle', 'Greenholt', '604.569.9887x49637', 575738, 'zfarrell@example.org', 1);
INSERT INTO `person` (`id`, `tripId`, `firstname`, `lastname`, `phone`, `IDNumber`, `email`, `willTravel`) VALUES ('ac627557-4472-3b6d-bb10-b3358291ad0f', '59acb2c2-fb15-382d-bbaa-6b87b19204d9', 'Skye', 'Harber', '1-641-694-0819x88224', 420548, 'louie.keeling@example.com', 0);
INSERT INTO `person` (`id`, `tripId`, `firstname`, `lastname`, `phone`, `IDNumber`, `email`, `willTravel`) VALUES ('ae34bc1a-ebd6-37eb-a576-a78d5d561cda', 'e02e86d9-435f-3b64-b8f3-d6f6ed55bc1c', 'Layne', 'Sawayn', '429-537-3161x23667', 774758, 'cassin.thea@example.com', 0);
INSERT INTO `person` (`id`, `tripId`, `firstname`, `lastname`, `phone`, `IDNumber`, `email`, `willTravel`) VALUES ('af94f8f1-4eb3-33c9-9c73-acca3fc90bb9', '52858ea5-2d89-3601-88a9-92e8efc000d9', 'Aiden', 'Mann', '1-628-832-4672x11244', 947315, 'hoppe.urban@example.org', 1);
INSERT INTO `person` (`id`, `tripId`, `firstname`, `lastname`, `phone`, `IDNumber`, `email`, `willTravel`) VALUES ('b4110ea4-1db8-3d6b-bd32-55606398df53', '2d4e6ed2-4b0c-3bb2-b1d9-d1bc899665be', 'Mallie', 'Donnelly', '854.754.4496', 464644, 'mcclure.larue@example.net', 0);
INSERT INTO `person` (`id`, `tripId`, `firstname`, `lastname`, `phone`, `IDNumber`, `email`, `willTravel`) VALUES ('ba072750-e824-34e1-8ae8-b8556066b252', '9e0977a6-f966-386e-acaf-e40c57ea5ba6', 'Dortha', 'Zboncak', '311-037-9766', 469667, 'zulauf.rosendo@example.com', 0);
INSERT INTO `person` (`id`, `tripId`, `firstname`, `lastname`, `phone`, `IDNumber`, `email`, `willTravel`) VALUES ('ba8353ff-7754-388e-b105-7eae522af2f1', 'd60978a0-3ce2-31f8-8e55-620a57271dc5', 'Adriel', 'Swaniawski', '473.728.4976x5414', 451899, 'elva.herman@example.org', 0);
INSERT INTO `person` (`id`, `tripId`, `firstname`, `lastname`, `phone`, `IDNumber`, `email`, `willTravel`) VALUES ('bce1e023-3391-37f2-b0b1-8588ed2c073d', '7f054c60-d313-3af7-82c1-00a7705939cf', 'Forrest', 'Armstrong', '(864)303-8050', 318346, 'rnikolaus@example.com', 1);
INSERT INTO `person` (`id`, `tripId`, `firstname`, `lastname`, `phone`, `IDNumber`, `email`, `willTravel`) VALUES ('c3bc64e8-79ac-368a-9536-d273080fa776', '4a1b1132-378b-3f06-9c35-cf0550c2f2b0', 'Edwin', 'Kautzer', '1-263-910-6081', 548275, 'keaton41@example.org', 0);
INSERT INTO `person` (`id`, `tripId`, `firstname`, `lastname`, `phone`, `IDNumber`, `email`, `willTravel`) VALUES ('c5fd7022-a065-30bf-976f-8cbaeaca1269', '841b145e-747a-3b34-9bbc-e4ba7de25c12', 'Marian', 'Kohler', '286-987-7845x457', 619710, 'lhayes@example.org', 0);
INSERT INTO `person` (`id`, `tripId`, `firstname`, `lastname`, `phone`, `IDNumber`, `email`, `willTravel`) VALUES ('c7f9660e-0dec-38f6-ab79-91f5e9fb422b', '8468ec07-95bc-34e4-b2ee-1adf3dd0c72b', 'Malinda', 'Prosacco', '01386374216', 494569, 'rcollier@example.net', 0);
INSERT INTO `person` (`id`, `tripId`, `firstname`, `lastname`, `phone`, `IDNumber`, `email`, `willTravel`) VALUES ('ca6741ad-0441-3476-bcc6-f27e70e602c7', 'a677051d-9655-3d74-b7c8-40c43ddb71b5', 'Noelia', 'Schoen', '1-938-477-9383', 189818, 'virginia.towne@example.com', 0);
INSERT INTO `person` (`id`, `tripId`, `firstname`, `lastname`, `phone`, `IDNumber`, `email`, `willTravel`) VALUES ('ca7797d7-8715-36cf-b112-34090f3b877b', '94a48af1-e87c-33c5-bf39-168a9e782c66', 'Lela', 'Frami', '521-647-3107x3044', 708699, 'dsipes@example.org', 1);
INSERT INTO `person` (`id`, `tripId`, `firstname`, `lastname`, `phone`, `IDNumber`, `email`, `willTravel`) VALUES ('cb4b3181-b868-3e9a-a4e2-44f0dea2afe3', 'fcb271b4-f8b5-3792-b90b-bc26ed9c2198', 'Meda', 'Spencer', '780.318.1592', 849607, 'dwilderman@example.org', 1);
INSERT INTO `person` (`id`, `tripId`, `firstname`, `lastname`, `phone`, `IDNumber`, `email`, `willTravel`) VALUES ('cbdaf2c4-21ce-3285-b6bf-296e1b8ff992', 'b82fef20-56c9-347a-9dae-448e1056b468', 'Javon', 'Simonis', '1-953-438-7093', 967221, 'zoey82@example.com', 0);
INSERT INTO `person` (`id`, `tripId`, `firstname`, `lastname`, `phone`, `IDNumber`, `email`, `willTravel`) VALUES ('cbf70c14-b481-3eff-8fa9-5c450f4e884d', 'e028aed8-e94c-374f-b466-d4e2f7bf1e0f', 'Sister', 'O\'Reilly', '200-962-3004x46526', 268158, 'michelle61@example.org', 1);
INSERT INTO `person` (`id`, `tripId`, `firstname`, `lastname`, `phone`, `IDNumber`, `email`, `willTravel`) VALUES ('ce2463f3-d38d-3968-8a01-0251346baa20', 'dfc1869b-a466-3223-b26c-888988f297ed', 'Rene', 'Harris', '812-632-9051x455', 302748, 'awilliamson@example.org', 0);
INSERT INTO `person` (`id`, `tripId`, `firstname`, `lastname`, `phone`, `IDNumber`, `email`, `willTravel`) VALUES ('ce9f02a6-ad4b-3f35-9f17-389e921c2694', '25a54615-fce7-3076-9efe-fa8b6f8c6f13', 'Luis', 'Huels', '+01(2)1854527603', 313813, 'orosenbaum@example.org', 1);
INSERT INTO `person` (`id`, `tripId`, `firstname`, `lastname`, `phone`, `IDNumber`, `email`, `willTravel`) VALUES ('d0784c9d-1deb-323b-9cfe-8491dac1b1d9', '43f61360-e3fd-31d2-95fe-a270c4a27c89', 'Ludwig', 'Bogisich', '425-522-0169x8205', 747781, 'bernardo87@example.net', 0);
INSERT INTO `person` (`id`, `tripId`, `firstname`, `lastname`, `phone`, `IDNumber`, `email`, `willTravel`) VALUES ('d0be2cc4-12c7-36c9-9973-27c4b0454ca5', '5418d075-8bd1-366d-a711-3c4197569ad6', 'Esther', 'Block', '(437)065-8139x803', 235097, 'erdman.dell@example.com', 1);
INSERT INTO `person` (`id`, `tripId`, `firstname`, `lastname`, `phone`, `IDNumber`, `email`, `willTravel`) VALUES ('d1731bb8-399d-340c-aa65-6c4f5299f101', '9f8f8b88-ce36-3bde-8a85-dc4799034b00', 'Willow', 'Funk', '1-258-784-3885x2349', 776313, 'lavern.goodwin@example.net', 1);
INSERT INTO `person` (`id`, `tripId`, `firstname`, `lastname`, `phone`, `IDNumber`, `email`, `willTravel`) VALUES ('d1ef1611-4d0a-3e7f-ab5e-defbb5c46c30', 'bc1f4c7c-4508-394e-ad96-eedd3631fcab', 'Breana', 'Davis', '891-669-5410x312', 753448, 'dejon20@example.org', 0);
INSERT INTO `person` (`id`, `tripId`, `firstname`, `lastname`, `phone`, `IDNumber`, `email`, `willTravel`) VALUES ('d1fa69b0-2092-3b6f-90d5-870e902c8315', 'baaa005d-ff39-3633-9351-bbffa2394951', 'Abdul', 'Schumm', '1-556-168-3702x906', 325387, 'stoltenberg.isabel@example.net', 0);
INSERT INTO `person` (`id`, `tripId`, `firstname`, `lastname`, `phone`, `IDNumber`, `email`, `willTravel`) VALUES ('d407406d-8ffc-3fba-a8a2-5d9925cfb3c3', 'cbb1d2af-5ec0-3116-baaf-fcd187632da1', 'Garland', 'Reinger', '1-022-403-3624x05377', 810706, 'xstehr@example.com', 0);
INSERT INTO `person` (`id`, `tripId`, `firstname`, `lastname`, `phone`, `IDNumber`, `email`, `willTravel`) VALUES ('d9b2bb24-28ea-3eb2-9050-e0af9df4aa88', '934d8a7b-edb8-32b7-b93e-c8d6490f2eb1', 'Lee', 'Breitenberg', '862.992.9627x628', 764954, 'vpadberg@example.net', 0);
INSERT INTO `person` (`id`, `tripId`, `firstname`, `lastname`, `phone`, `IDNumber`, `email`, `willTravel`) VALUES ('da0fd69f-6c19-3466-8e24-ba610c573802', '58661423-0142-3902-a445-1262a2c70594', 'Reba', 'Kling', '1-829-004-4619x76485', 202616, 'kay.crist@example.net', 0);
INSERT INTO `person` (`id`, `tripId`, `firstname`, `lastname`, `phone`, `IDNumber`, `email`, `willTravel`) VALUES ('de000355-5a70-3396-9e5f-aa13a95efca8', 'fea12f6b-3e43-3bb7-b3cf-594c1d790953', 'Cary', 'Cassin', '(002)012-1364', 619925, 'fahey.dock@example.org', 0);
INSERT INTO `person` (`id`, `tripId`, `firstname`, `lastname`, `phone`, `IDNumber`, `email`, `willTravel`) VALUES ('de0c9567-f020-3df6-a2d8-dbb11eb5486c', '9b0ebf4a-4a63-3976-97ed-1d880d5954f2', 'Marian', 'Schaden', '05829641289', 662119, 'pedro91@example.com', 1);
INSERT INTO `person` (`id`, `tripId`, `firstname`, `lastname`, `phone`, `IDNumber`, `email`, `willTravel`) VALUES ('df0638ca-5d35-39f6-b585-1372f28299d3', '7aafe6a7-f953-3211-931e-1c10adf12885', 'Kenya', 'Roob', '1-618-930-1067x01725', 458373, 'auer.jada@example.com', 1);
INSERT INTO `person` (`id`, `tripId`, `firstname`, `lastname`, `phone`, `IDNumber`, `email`, `willTravel`) VALUES ('e0ea0bdb-6c01-38f9-8713-581144bfc2dd', '18163a72-f921-36a5-8369-21b0617dbfdc', 'Deangelo', 'Rempel', '546.458.8357x089', 428542, 'miles71@example.net', 0);
INSERT INTO `person` (`id`, `tripId`, `firstname`, `lastname`, `phone`, `IDNumber`, `email`, `willTravel`) VALUES ('e28a2529-d570-33fe-8ef8-cb775671d918', '0e0079ce-48c2-3d6c-9cea-27b7b998a2f6', 'Vaughn', 'Klocko', '1-392-419-3102x67282', 561494, 'mbahringer@example.net', 0);
INSERT INTO `person` (`id`, `tripId`, `firstname`, `lastname`, `phone`, `IDNumber`, `email`, `willTravel`) VALUES ('e527b1dc-d66b-3c76-abd7-a405e68bccb6', '5b822bc4-c021-370c-bafc-3356af3d61a2', 'Kiana', 'Dach', '1-164-843-5904x8423', 231667, 'berge.luisa@example.net', 0);
INSERT INTO `person` (`id`, `tripId`, `firstname`, `lastname`, `phone`, `IDNumber`, `email`, `willTravel`) VALUES ('e6e5cf94-fe38-3573-916a-b47b6f67b11c', '533b7c43-9b0c-334a-afdd-ef3609c8f016', 'Rhett', 'Kihn', '091-981-1661x7358', 237748, 'broderick81@example.com', 0);
INSERT INTO `person` (`id`, `tripId`, `firstname`, `lastname`, `phone`, `IDNumber`, `email`, `willTravel`) VALUES ('e96cd6ed-8007-3cc3-9b5d-e4059f24c50e', 'c238aa59-52b8-35cc-8a03-ea39c0515baf', 'Caroline', 'Erdman', '305-470-9394', 255342, 'harrison06@example.com', 1);
INSERT INTO `person` (`id`, `tripId`, `firstname`, `lastname`, `phone`, `IDNumber`, `email`, `willTravel`) VALUES ('e9802cc3-e12c-3f59-b293-13230d90708a', '742b0e4b-1afc-342d-8f3b-bc2f19860383', 'Shannon', 'Gorczany', '640-820-3138x263', 334589, 'caesar.adams@example.net', 0);
INSERT INTO `person` (`id`, `tripId`, `firstname`, `lastname`, `phone`, `IDNumber`, `email`, `willTravel`) VALUES ('ec543db3-f9e3-31a6-bab5-078319a66626', '237f1a94-a897-3906-9ddf-35e104c2e5cf', 'Henry', 'Bernhard', '1-016-277-0076x964', 725275, 'xcarter@example.net', 0);
INSERT INTO `person` (`id`, `tripId`, `firstname`, `lastname`, `phone`, `IDNumber`, `email`, `willTravel`) VALUES ('ecafb671-efe8-30d5-ba97-d4efda8191f5', '4f589d4d-6003-3348-bc23-49c38222bcd0', 'Retta', 'Kunze', '042.538.9456', 833682, 'brekke.tessie@example.net', 0);
INSERT INTO `person` (`id`, `tripId`, `firstname`, `lastname`, `phone`, `IDNumber`, `email`, `willTravel`) VALUES ('eef178e1-0250-38f0-b974-8012ad1fddd1', '01af2c30-af69-3118-9ee1-9eae0a4df259', 'Ricardo', 'Hodkiewicz', '03712902985', 558124, 'sjohns@example.net', 0);
INSERT INTO `person` (`id`, `tripId`, `firstname`, `lastname`, `phone`, `IDNumber`, `email`, `willTravel`) VALUES ('f775a51b-9ee0-329c-9ede-174c069ebd99', '6120cba3-4cbf-31ca-9449-3372036805e6', 'Wilford', 'Bechtelar', '477.870.0437x327', 551947, 'walker.bria@example.net', 0);
INSERT INTO `person` (`id`, `tripId`, `firstname`, `lastname`, `phone`, `IDNumber`, `email`, `willTravel`) VALUES ('f82475ef-1620-3fd8-8086-c6039c2ec2ba', '693ff438-7b9c-3579-b603-b77171b3b999', 'Leann', 'Bailey', '879-172-3757x2306', 293167, 'lysanne.kemmer@example.org', 0);
INSERT INTO `person` (`id`, `tripId`, `firstname`, `lastname`, `phone`, `IDNumber`, `email`, `willTravel`) VALUES ('ff09f073-6e97-35ed-884f-38da2408f01b', '73027a8a-003b-3867-9c26-790cd0e072b6', 'Salvatore', 'Cassin', '066-485-4103x69956', 656376, 'nschuster@example.com', 1);
INSERT INTO `person` (`id`, `tripId`, `firstname`, `lastname`, `phone`, `IDNumber`, `email`, `willTravel`) VALUES ('ff1c0e40-91ed-3e06-8fa6-ce0da1acf3d2', '05c04d6b-ddf3-371b-b71d-c84827530f35', 'Camron', 'Lowe', '(760)216-0037x02659', 530774, 'celestino.walker@example.net', 1);
INSERT INTO `person` (`id`, `tripId`, `firstname`, `lastname`, `phone`, `IDNumber`, `email`, `willTravel`) VALUES ('ff857324-4c2f-3333-95e5-b2144df82791', '9f7be9f7-ed73-378f-8204-2747fb6d8f8b', 'Lloyd', 'Huel', '1-442-241-7679', 492330, 'hagenes.mable@example.net', 0);


#
# TABLE STRUCTURE FOR: trip
#

DROP TABLE IF EXISTS `trip`;

CREATE TABLE `trip` (
  `id` varchar(255) COLLATE utf8_unicode_ci NOT NULL,
  `departureDate` datetime NOT NULL,
  `estimatedArrivalDate` datetime DEFAULT NULL,
  `agencyId` int(11) NOT NULL,
  PRIMARY KEY (`id`),
  KEY `FK_a747b50b9a8fd33dfa70aefc775` (`agencyId`),
  CONSTRAINT `FK_a747b50b9a8fd33dfa70aefc775` FOREIGN KEY (`agencyId`) REFERENCES `agency` (`id`)
) ENGINE=InnoDB DEFAULT CHARSET=utf8 COLLATE=utf8_unicode_ci;

INSERT INTO `trip` (`id`, `departureDate`, `estimatedArrivalDate`, `agencyId`) VALUES ('01af2c30-af69-3118-9ee1-9eae0a4df259', '2012-09-05 09:47:07', '1987-05-05 11:05:35', 72);
INSERT INTO `trip` (`id`, `departureDate`, `estimatedArrivalDate`, `agencyId`) VALUES ('05c04d6b-ddf3-371b-b71d-c84827530f35', '2001-10-13 13:29:40', '2009-07-29 06:50:13', 78);
INSERT INTO `trip` (`id`, `departureDate`, `estimatedArrivalDate`, `agencyId`) VALUES ('0e0079ce-48c2-3d6c-9cea-27b7b998a2f6', '2005-03-31 21:29:34', '2004-07-12 13:11:22', 38);
INSERT INTO `trip` (`id`, `departureDate`, `estimatedArrivalDate`, `agencyId`) VALUES ('14151e0d-a025-383f-81bd-b01ce8dd50ab', '1970-09-14 15:32:01', '1996-01-16 04:03:52', 20);
INSERT INTO `trip` (`id`, `departureDate`, `estimatedArrivalDate`, `agencyId`) VALUES ('18163a72-f921-36a5-8369-21b0617dbfdc', '1983-09-22 17:32:39', '1972-12-27 11:53:38', 56);
INSERT INTO `trip` (`id`, `departureDate`, `estimatedArrivalDate`, `agencyId`) VALUES ('189433cb-f489-309d-a065-8c7e83d990b5', '1976-04-30 16:49:44', '1986-01-02 09:28:37', 76);
INSERT INTO `trip` (`id`, `departureDate`, `estimatedArrivalDate`, `agencyId`) VALUES ('18a04c4a-b3ab-3ae8-bfb2-1126d0d17d04', '1994-08-14 19:12:39', '1980-09-15 14:22:50', 62);
INSERT INTO `trip` (`id`, `departureDate`, `estimatedArrivalDate`, `agencyId`) VALUES ('19538eec-9ec3-355b-9823-91be968868d4', '1983-10-27 20:05:13', '1972-03-30 14:41:00', 25);
INSERT INTO `trip` (`id`, `departureDate`, `estimatedArrivalDate`, `agencyId`) VALUES ('1a4356ed-dcda-3e24-94a7-5193491a4003', '1975-11-07 05:51:57', '1983-06-12 21:45:49', 69);
INSERT INTO `trip` (`id`, `departureDate`, `estimatedArrivalDate`, `agencyId`) VALUES ('21e1b956-b852-366b-8a7c-ffb60ce9fa7c', '1986-08-22 10:36:15', '1994-02-14 09:46:48', 2);
INSERT INTO `trip` (`id`, `departureDate`, `estimatedArrivalDate`, `agencyId`) VALUES ('2220bb77-5a3c-3742-a1b9-35cdaeb60c6f', '1995-03-14 10:20:21', '1983-12-08 09:21:54', 74);
INSERT INTO `trip` (`id`, `departureDate`, `estimatedArrivalDate`, `agencyId`) VALUES ('237f1a94-a897-3906-9ddf-35e104c2e5cf', '2018-05-31 23:29:39', '1976-12-01 00:13:47', 45);
INSERT INTO `trip` (`id`, `departureDate`, `estimatedArrivalDate`, `agencyId`) VALUES ('24364b77-9204-3966-831e-b8a21e5d6fb6', '2005-12-26 19:06:02', '1970-07-21 11:20:13', 10);
INSERT INTO `trip` (`id`, `departureDate`, `estimatedArrivalDate`, `agencyId`) VALUES ('2528a3fd-f504-3170-b0f3-cadc989e42c4', '2019-06-16 14:01:03', '1978-07-30 23:55:13', 93);
INSERT INTO `trip` (`id`, `departureDate`, `estimatedArrivalDate`, `agencyId`) VALUES ('25a54615-fce7-3076-9efe-fa8b6f8c6f13', '1977-08-04 22:40:20', '2002-07-07 12:17:24', 71);
INSERT INTO `trip` (`id`, `departureDate`, `estimatedArrivalDate`, `agencyId`) VALUES ('2d4e6ed2-4b0c-3bb2-b1d9-d1bc899665be', '1987-09-13 20:36:22', '1988-05-02 17:24:32', 39);
INSERT INTO `trip` (`id`, `departureDate`, `estimatedArrivalDate`, `agencyId`) VALUES ('2e396218-ffc3-36c7-989a-602ba0699f4b', '2001-07-08 11:59:11', '1989-11-25 12:00:15', 12);
INSERT INTO `trip` (`id`, `departureDate`, `estimatedArrivalDate`, `agencyId`) VALUES ('30057c8c-7772-3ae0-b423-661e7b10d26b', '1999-08-10 01:24:45', '1987-02-06 23:15:18', 21);
INSERT INTO `trip` (`id`, `departureDate`, `estimatedArrivalDate`, `agencyId`) VALUES ('34c1b5ef-ff97-3242-b341-59696c38e15b', '1996-01-18 16:28:59', '1976-09-19 00:55:28', 83);
INSERT INTO `trip` (`id`, `departureDate`, `estimatedArrivalDate`, `agencyId`) VALUES ('35370776-6438-3770-9804-efaa0e01d6a2', '2004-07-06 23:42:48', '2016-07-23 16:40:48', 31);
INSERT INTO `trip` (`id`, `departureDate`, `estimatedArrivalDate`, `agencyId`) VALUES ('35d4aa95-3153-3d1b-b144-0f7b2eda0192', '1979-05-08 09:07:49', '2019-07-25 02:27:45', 53);
INSERT INTO `trip` (`id`, `departureDate`, `estimatedArrivalDate`, `agencyId`) VALUES ('39f473a2-6476-367b-a7fc-b071abf28725', '1970-05-23 01:05:20', '2016-07-03 23:30:00', 90);
INSERT INTO `trip` (`id`, `departureDate`, `estimatedArrivalDate`, `agencyId`) VALUES ('3be9a1dd-21a0-36f0-844b-ef331fd4fbfa', '1985-04-01 04:10:10', '2009-08-04 01:23:07', 14);
INSERT INTO `trip` (`id`, `departureDate`, `estimatedArrivalDate`, `agencyId`) VALUES ('43f61360-e3fd-31d2-95fe-a270c4a27c89', '1992-09-23 09:02:25', '1985-03-27 00:10:24', 73);
INSERT INTO `trip` (`id`, `departureDate`, `estimatedArrivalDate`, `agencyId`) VALUES ('46933c4c-1a24-39a0-a5a1-28f279b9b60d', '1998-04-29 06:05:43', '2002-09-27 15:20:27', 81);
INSERT INTO `trip` (`id`, `departureDate`, `estimatedArrivalDate`, `agencyId`) VALUES ('4a1b1132-378b-3f06-9c35-cf0550c2f2b0', '1990-09-05 12:09:04', '1986-02-13 15:17:45', 43);
INSERT INTO `trip` (`id`, `departureDate`, `estimatedArrivalDate`, `agencyId`) VALUES ('4abc6694-a037-3506-8e30-356b32110d07', '1980-10-27 09:07:52', '1984-08-04 08:45:16', 96);
INSERT INTO `trip` (`id`, `departureDate`, `estimatedArrivalDate`, `agencyId`) VALUES ('4ba36302-da43-3d9d-857f-5e6ab074396b', '2019-08-06 19:16:38', '2001-02-04 10:54:36', 11);
INSERT INTO `trip` (`id`, `departureDate`, `estimatedArrivalDate`, `agencyId`) VALUES ('4e497b94-6d61-34e8-8329-65d577fb2da2', '1990-11-22 21:46:42', '1973-01-26 16:19:09', 67);
INSERT INTO `trip` (`id`, `departureDate`, `estimatedArrivalDate`, `agencyId`) VALUES ('4f589d4d-6003-3348-bc23-49c38222bcd0', '1977-06-02 20:00:31', '1988-10-06 02:28:34', 34);
INSERT INTO `trip` (`id`, `departureDate`, `estimatedArrivalDate`, `agencyId`) VALUES ('4f8062b2-9dfb-300b-9a2e-18c645ceb33d', '1991-09-26 15:14:40', '1988-03-28 02:58:29', 89);
INSERT INTO `trip` (`id`, `departureDate`, `estimatedArrivalDate`, `agencyId`) VALUES ('505b1df5-5599-3493-9be4-084aea063128', '1998-08-12 17:44:58', '2006-01-21 07:47:23', 97);
INSERT INTO `trip` (`id`, `departureDate`, `estimatedArrivalDate`, `agencyId`) VALUES ('52858ea5-2d89-3601-88a9-92e8efc000d9', '1976-08-11 20:33:07', '2018-02-02 17:02:48', 41);
INSERT INTO `trip` (`id`, `departureDate`, `estimatedArrivalDate`, `agencyId`) VALUES ('533b7c43-9b0c-334a-afdd-ef3609c8f016', '1990-10-08 10:27:49', '1983-06-16 11:41:28', 86);
INSERT INTO `trip` (`id`, `departureDate`, `estimatedArrivalDate`, `agencyId`) VALUES ('5418d075-8bd1-366d-a711-3c4197569ad6', '2001-10-20 05:46:09', '2017-03-14 21:25:20', 29);
INSERT INTO `trip` (`id`, `departureDate`, `estimatedArrivalDate`, `agencyId`) VALUES ('55bbfa4c-9a3f-3cc6-9173-5489f90fcc5a', '2000-09-10 20:45:16', '1988-02-18 12:04:04', 18);
INSERT INTO `trip` (`id`, `departureDate`, `estimatedArrivalDate`, `agencyId`) VALUES ('56315c81-6b74-3d42-9aa1-d2eb66cd853f', '1988-08-10 07:13:22', '1995-07-27 05:51:57', 28);
INSERT INTO `trip` (`id`, `departureDate`, `estimatedArrivalDate`, `agencyId`) VALUES ('567f8560-3f44-3f8d-8d52-d9c6ffd5d2ac', '2002-01-10 04:23:08', '2010-01-09 00:13:47', 68);
INSERT INTO `trip` (`id`, `departureDate`, `estimatedArrivalDate`, `agencyId`) VALUES ('58661423-0142-3902-a445-1262a2c70594', '2018-04-04 03:19:49', '1985-06-03 21:16:35', 77);
INSERT INTO `trip` (`id`, `departureDate`, `estimatedArrivalDate`, `agencyId`) VALUES ('59acb2c2-fb15-382d-bbaa-6b87b19204d9', '1987-08-11 04:59:16', '2004-05-09 11:58:57', 44);
INSERT INTO `trip` (`id`, `departureDate`, `estimatedArrivalDate`, `agencyId`) VALUES ('5b822bc4-c021-370c-bafc-3356af3d61a2', '2001-03-01 18:47:32', '1988-07-19 04:42:54', 92);
INSERT INTO `trip` (`id`, `departureDate`, `estimatedArrivalDate`, `agencyId`) VALUES ('60d0aeab-149c-397f-a0af-dea959f90c29', '1985-01-16 13:42:40', '1981-07-15 17:27:06', 52);
INSERT INTO `trip` (`id`, `departureDate`, `estimatedArrivalDate`, `agencyId`) VALUES ('6120cba3-4cbf-31ca-9449-3372036805e6', '1972-04-30 02:14:58', '2004-10-20 18:57:52', 91);
INSERT INTO `trip` (`id`, `departureDate`, `estimatedArrivalDate`, `agencyId`) VALUES ('668da9cd-3340-34a2-b84b-f437e91c1161', '1996-10-07 06:20:43', '1995-01-13 12:12:56', 32);
INSERT INTO `trip` (`id`, `departureDate`, `estimatedArrivalDate`, `agencyId`) VALUES ('67c5072d-e7cf-3b6f-81ba-f79c018b7b6c', '2010-03-31 15:05:43', '1979-03-11 02:52:04', 22);
INSERT INTO `trip` (`id`, `departureDate`, `estimatedArrivalDate`, `agencyId`) VALUES ('693ff438-7b9c-3579-b603-b77171b3b999', '1977-11-02 05:13:05', '1980-09-06 11:45:28', 99);
INSERT INTO `trip` (`id`, `departureDate`, `estimatedArrivalDate`, `agencyId`) VALUES ('6f186e6e-44a9-3a11-93df-67e0758bdb31', '1974-06-26 06:30:02', '2015-02-23 19:49:28', 63);
INSERT INTO `trip` (`id`, `departureDate`, `estimatedArrivalDate`, `agencyId`) VALUES ('71bbf8a0-7a66-30f4-b9b5-15da9c7ffa63', '2008-04-24 07:07:02', '1973-10-28 20:20:09', 23);
INSERT INTO `trip` (`id`, `departureDate`, `estimatedArrivalDate`, `agencyId`) VALUES ('73027a8a-003b-3867-9c26-790cd0e072b6', '1983-07-18 01:13:32', '2014-09-23 22:43:05', 13);
INSERT INTO `trip` (`id`, `departureDate`, `estimatedArrivalDate`, `agencyId`) VALUES ('742b0e4b-1afc-342d-8f3b-bc2f19860383', '1980-01-28 05:01:22', '2008-09-06 17:49:35', 16);
INSERT INTO `trip` (`id`, `departureDate`, `estimatedArrivalDate`, `agencyId`) VALUES ('77e0518f-d95b-37f0-95dd-5e2bbbc5cde2', '2007-08-05 19:49:00', '2016-08-24 02:10:19', 6);
INSERT INTO `trip` (`id`, `departureDate`, `estimatedArrivalDate`, `agencyId`) VALUES ('7aafe6a7-f953-3211-931e-1c10adf12885', '1973-06-26 00:29:49', '2013-04-14 21:48:31', 88);
INSERT INTO `trip` (`id`, `departureDate`, `estimatedArrivalDate`, `agencyId`) VALUES ('7f054c60-d313-3af7-82c1-00a7705939cf', '1986-03-14 14:14:42', '2002-08-13 08:09:49', 51);
INSERT INTO `trip` (`id`, `departureDate`, `estimatedArrivalDate`, `agencyId`) VALUES ('8389ac6b-172e-3121-b059-383cb02b1306', '1986-02-21 07:10:27', '2017-04-08 18:56:39', 42);
INSERT INTO `trip` (`id`, `departureDate`, `estimatedArrivalDate`, `agencyId`) VALUES ('841b145e-747a-3b34-9bbc-e4ba7de25c12', '1998-12-04 09:37:19', '1985-09-10 02:00:02', 65);
INSERT INTO `trip` (`id`, `departureDate`, `estimatedArrivalDate`, `agencyId`) VALUES ('8468ec07-95bc-34e4-b2ee-1adf3dd0c72b', '2016-08-13 02:12:36', '2007-08-27 20:37:55', 57);
INSERT INTO `trip` (`id`, `departureDate`, `estimatedArrivalDate`, `agencyId`) VALUES ('8d3482dd-73ad-3135-9ebc-3195960bc722', '2018-09-19 17:36:00', '1991-02-08 13:18:30', 27);
INSERT INTO `trip` (`id`, `departureDate`, `estimatedArrivalDate`, `agencyId`) VALUES ('8eca0c51-75f0-3c66-9ce3-ce42612ed2de', '1972-06-18 05:27:06', '1993-06-13 12:34:10', 7);
INSERT INTO `trip` (`id`, `departureDate`, `estimatedArrivalDate`, `agencyId`) VALUES ('934d8a7b-edb8-32b7-b93e-c8d6490f2eb1', '1994-10-16 19:57:37', '1984-03-30 03:06:28', 82);
INSERT INTO `trip` (`id`, `departureDate`, `estimatedArrivalDate`, `agencyId`) VALUES ('94a48af1-e87c-33c5-bf39-168a9e782c66', '1976-03-09 07:26:00', '1998-06-12 07:15:51', 35);
INSERT INTO `trip` (`id`, `departureDate`, `estimatedArrivalDate`, `agencyId`) VALUES ('9b0ebf4a-4a63-3976-97ed-1d880d5954f2', '2011-10-30 01:44:26', '2002-06-28 06:12:54', 1);
INSERT INTO `trip` (`id`, `departureDate`, `estimatedArrivalDate`, `agencyId`) VALUES ('9e0977a6-f966-386e-acaf-e40c57ea5ba6', '2008-03-09 05:46:02', '1991-12-28 05:33:40', 84);
INSERT INTO `trip` (`id`, `departureDate`, `estimatedArrivalDate`, `agencyId`) VALUES ('9f7be9f7-ed73-378f-8204-2747fb6d8f8b', '1981-10-05 12:59:23', '1994-10-19 15:58:05', 8);
INSERT INTO `trip` (`id`, `departureDate`, `estimatedArrivalDate`, `agencyId`) VALUES ('9f8f8b88-ce36-3bde-8a85-dc4799034b00', '1988-04-17 22:01:22', '1989-08-19 13:18:34', 36);
INSERT INTO `trip` (`id`, `departureDate`, `estimatedArrivalDate`, `agencyId`) VALUES ('a47b2557-21cc-344d-9582-2b7caa1451c3', '1991-12-08 13:54:12', '2003-12-28 10:16:16', 17);
INSERT INTO `trip` (`id`, `departureDate`, `estimatedArrivalDate`, `agencyId`) VALUES ('a5c431bd-6976-3676-b191-0f624d85d0ad', '1982-07-10 07:36:27', '1975-11-15 07:47:16', 59);
INSERT INTO `trip` (`id`, `departureDate`, `estimatedArrivalDate`, `agencyId`) VALUES ('a677051d-9655-3d74-b7c8-40c43ddb71b5', '2020-01-01 03:05:13', '1997-12-02 16:27:34', 55);
INSERT INTO `trip` (`id`, `departureDate`, `estimatedArrivalDate`, `agencyId`) VALUES ('b7eb0da2-a44c-3570-b16f-282280f16105', '1972-10-31 03:07:45', '2019-07-24 05:25:41', 9);
INSERT INTO `trip` (`id`, `departureDate`, `estimatedArrivalDate`, `agencyId`) VALUES ('b82fef20-56c9-347a-9dae-448e1056b468', '1995-12-13 23:48:40', '1989-06-25 13:55:02', 15);
INSERT INTO `trip` (`id`, `departureDate`, `estimatedArrivalDate`, `agencyId`) VALUES ('baaa005d-ff39-3633-9351-bbffa2394951', '1974-02-02 12:21:00', '2014-10-24 05:48:05', 37);
INSERT INTO `trip` (`id`, `departureDate`, `estimatedArrivalDate`, `agencyId`) VALUES ('bc034317-3a4e-3640-afef-4780a32f4d80', '1985-07-07 21:50:52', '2009-08-29 07:19:47', 46);
INSERT INTO `trip` (`id`, `departureDate`, `estimatedArrivalDate`, `agencyId`) VALUES ('bc1f4c7c-4508-394e-ad96-eedd3631fcab', '2010-09-24 04:49:42', '2019-04-18 02:49:41', 47);
INSERT INTO `trip` (`id`, `departureDate`, `estimatedArrivalDate`, `agencyId`) VALUES ('c0b5674e-14eb-35b0-8e35-d9a60eeef140', '2007-06-08 20:08:39', '1977-09-01 21:03:45', 33);
INSERT INTO `trip` (`id`, `departureDate`, `estimatedArrivalDate`, `agencyId`) VALUES ('c238aa59-52b8-35cc-8a03-ea39c0515baf', '2005-07-31 22:50:11', '1979-09-29 22:57:05', 54);
INSERT INTO `trip` (`id`, `departureDate`, `estimatedArrivalDate`, `agencyId`) VALUES ('c3628917-6623-30ee-95f4-c4d92ad599fe', '2001-08-12 09:11:44', '2016-08-22 02:02:24', 94);
INSERT INTO `trip` (`id`, `departureDate`, `estimatedArrivalDate`, `agencyId`) VALUES ('c7874b73-c506-3405-8b8b-32da6ce19340', '1999-09-04 14:44:34', '2007-09-30 07:18:20', 49);
INSERT INTO `trip` (`id`, `departureDate`, `estimatedArrivalDate`, `agencyId`) VALUES ('c8b88eee-e33d-3501-9aa9-6f2460e386fa', '1984-04-08 15:39:28', '1970-12-04 04:14:47', 87);
INSERT INTO `trip` (`id`, `departureDate`, `estimatedArrivalDate`, `agencyId`) VALUES ('cb99f406-2fa0-3496-8f52-bf93f53754c3', '1985-07-31 17:18:13', '1993-06-02 23:38:27', 24);
INSERT INTO `trip` (`id`, `departureDate`, `estimatedArrivalDate`, `agencyId`) VALUES ('cbb1d2af-5ec0-3116-baaf-fcd187632da1', '1999-10-27 01:54:05', '1984-06-10 15:10:41', 40);
INSERT INTO `trip` (`id`, `departureDate`, `estimatedArrivalDate`, `agencyId`) VALUES ('cd2b73e3-2bd7-330d-a925-f5bfaf3d3335', '2011-09-01 13:07:42', '1987-12-10 15:16:31', 61);
INSERT INTO `trip` (`id`, `departureDate`, `estimatedArrivalDate`, `agencyId`) VALUES ('cde4f888-c94c-370d-8017-abbf1130db1b', '2013-05-14 19:07:08', '1987-04-17 16:20:51', 3);
INSERT INTO `trip` (`id`, `departureDate`, `estimatedArrivalDate`, `agencyId`) VALUES ('d2d016c1-7fc9-3120-aeb0-82c6d96b9917', '1976-10-31 00:41:31', '1970-03-19 20:42:31', 75);
INSERT INTO `trip` (`id`, `departureDate`, `estimatedArrivalDate`, `agencyId`) VALUES ('d3153931-5be2-3454-bc24-69fb7ead0c67', '2006-05-09 14:27:56', '2020-04-04 08:20:27', 19);
INSERT INTO `trip` (`id`, `departureDate`, `estimatedArrivalDate`, `agencyId`) VALUES ('d60978a0-3ce2-31f8-8e55-620a57271dc5', '2009-04-15 07:48:26', '2006-05-29 07:14:45', 80);
INSERT INTO `trip` (`id`, `departureDate`, `estimatedArrivalDate`, `agencyId`) VALUES ('d8a08d31-55af-305b-8df0-51eb19636fe1', '1986-06-05 04:52:48', '1992-01-14 09:16:04', 85);
INSERT INTO `trip` (`id`, `departureDate`, `estimatedArrivalDate`, `agencyId`) VALUES ('da433e81-7718-39d5-a69f-7da0ebe11360', '2000-05-02 17:57:31', '1981-11-28 20:31:18', 48);
INSERT INTO `trip` (`id`, `departureDate`, `estimatedArrivalDate`, `agencyId`) VALUES ('de2fea93-2200-3a40-9591-30637df46cdc', '1994-10-24 07:51:41', '2018-11-25 06:21:47', 98);
INSERT INTO `trip` (`id`, `departureDate`, `estimatedArrivalDate`, `agencyId`) VALUES ('dfc1869b-a466-3223-b26c-888988f297ed', '2008-05-02 21:37:18', '2012-08-07 22:58:31', 4);
INSERT INTO `trip` (`id`, `departureDate`, `estimatedArrivalDate`, `agencyId`) VALUES ('e028aed8-e94c-374f-b466-d4e2f7bf1e0f', '2011-04-28 23:12:37', '1982-02-21 19:04:39', 30);
INSERT INTO `trip` (`id`, `departureDate`, `estimatedArrivalDate`, `agencyId`) VALUES ('e02e86d9-435f-3b64-b8f3-d6f6ed55bc1c', '1984-03-05 04:23:42', '1992-10-26 06:14:47', 58);
INSERT INTO `trip` (`id`, `departureDate`, `estimatedArrivalDate`, `agencyId`) VALUES ('e67f30bf-ef94-31f3-9a38-df8a94b08165', '1971-09-12 22:46:46', '2011-06-12 13:58:01', 60);
INSERT INTO `trip` (`id`, `departureDate`, `estimatedArrivalDate`, `agencyId`) VALUES ('e8b923c3-6eef-3fbb-a8cf-80043752a7a0', '2011-03-14 11:06:35', '2005-12-26 20:59:24', 50);
INSERT INTO `trip` (`id`, `departureDate`, `estimatedArrivalDate`, `agencyId`) VALUES ('f587d552-e609-3911-ab65-1a83afb9bed4', '2018-05-10 02:07:19', '1990-11-06 22:38:39', 95);
INSERT INTO `trip` (`id`, `departureDate`, `estimatedArrivalDate`, `agencyId`) VALUES ('fab2bdb7-de25-3ef2-9711-6c995ba230e8', '2017-10-16 17:05:20', '1981-01-04 07:41:19', 70);
INSERT INTO `trip` (`id`, `departureDate`, `estimatedArrivalDate`, `agencyId`) VALUES ('fb2042b3-39b5-39b2-9a80-20c957ee9d82', '1988-06-28 17:19:14', '1985-04-09 21:58:41', 66);
INSERT INTO `trip` (`id`, `departureDate`, `estimatedArrivalDate`, `agencyId`) VALUES ('fcb271b4-f8b5-3792-b90b-bc26ed9c2198', '1993-02-09 03:00:32', '2005-07-07 19:33:31', 64);
INSERT INTO `trip` (`id`, `departureDate`, `estimatedArrivalDate`, `agencyId`) VALUES ('fce5b260-7d0a-3de4-97a1-ba456578377c', '2010-03-26 18:01:54', '1989-07-01 21:58:56', 79);
INSERT INTO `trip` (`id`, `departureDate`, `estimatedArrivalDate`, `agencyId`) VALUES ('fd7d6b83-985b-3e9f-91d3-01293ee09291', '1994-09-18 16:16:17', '2001-05-15 07:36:49', 26);
INSERT INTO `trip` (`id`, `departureDate`, `estimatedArrivalDate`, `agencyId`) VALUES ('fdb06532-0d03-31ce-9fb5-84675715f204', '2008-12-30 16:42:00', '1993-12-26 08:23:58', 5);
INSERT INTO `trip` (`id`, `departureDate`, `estimatedArrivalDate`, `agencyId`) VALUES ('fea12f6b-3e43-3bb7-b3cf-594c1d790953', '1984-03-27 09:34:36', '1993-09-12 23:40:45', 100);


